TIMESTAMP,TCPIP_APP_NAME,TCPIP_PORT,TCPIP_WEIGHT,TCPIP_PACKTS_SENT,TCPIP_PACKETS_RECVD,TCPIP_BYTES_SENT,TCPIP_BYTES_RECVD,TCPIP_MSG_SENT,TCPIP_MSG_RECVD
2019-02-28 13:51:10,TPFN8601,8601,100,0,0,0,0,0,0
2019-02-28 13:51:10,TPFN8603,8603,100,0,0,0,0,0,0
2019-02-28 13:51:10,TPFR8600,8600,100,0,0,0,0,0,0
2019-02-28 13:51:10,TPFR8602,8602,100,0,0,0,0,0,0
2019-02-28 13:51:10,TRIPSRUS,10000,100,0,4377,0,65655,0,4377
2019-02-28 13:51:20,TPFN8601,8601,100,0,0,0,0,0,0
2019-02-28 13:51:20,TPFN8603,8603,100,0,0,0,0,0,0
2019-02-28 13:51:20,TPFR8600,8600,100,0,0,0,0,0,0
2019-02-28 13:51:20,TPFR8602,8602,100,0,0,0,0,0,0
2019-02-28 13:51:20,TRIPSRUS,10000,100,0,5008,0,75120,0,5008
2019-02-28 13:51:30,TPFN8601,8601,100,0,0,0,0,0,0
2019-02-28 13:51:30,TPFN8603,8603,100,0,0,0,0,0,0
2019-02-28 13:51:30,TPFR8600,8600,100,0,0,0,0,0,0
2019-02-28 13:51:30,TPFR8602,8602,100,0,0,0,0,0,0
2019-02-28 13:51:30,TRIPSRUS,10000,100,0,5776,0,86640,0,5776
2019-02-28 13:51:40,TPFN8601,8601,100,0,0,0,0,0,0
2019-02-28 13:51:40,TPFN8603,8603,100,0,0,0,0,0,0
2019-02-28 13:51:40,TPFR8600,8600,100,0,0,0,0,0,0
2019-02-28 13:51:40,TPFR8602,8602,100,0,0,0,0,0,0
2019-02-28 13:51:40,TRIPSRUS,10000,100,0,5798,0,86970,0,5798
2019-02-28 13:51:50,TPFN8601,8601,100,0,0,0,0,0,0
2019-02-28 13:51:50,TPFN8603,8603,100,0,0,0,0,0,0
2019-02-28 13:51:50,TPFR8600,8600,100,0,0,0,0,0,0
2019-02-28 13:51:50,TPFR8602,8602,100,0,0,0,0,0,0
2019-02-28 13:51:50,TRIPSRUS,10000,100,0,5071,0,76065,0,5071
2019-02-28 13:52:00,TPFN8601,8601,100,0,0,0,0,0,0
2019-02-28 13:52:00,TPFN8603,8603,100,0,0,0,0,0,0
2019-02-28 13:52:00,TPFR8600,8600,100,0,0,0,0,0,0
2019-02-28 13:52:00,TPFR8602,8602,100,0,0,0,0,0,0
2019-02-28 13:52:00,TRIPSRUS,10000,100,0,4404,0,66060,0,4404
2019-02-28 13:52:10,TPFN8601,8601,100,0,0,0,0,0,0
2019-02-28 13:52:10,TPFN8603,8603,100,0,0,0,0,0,0
2019-02-28 13:52:10,TPFR8600,8600,100,0,0,0,0,0,0
2019-02-28 13:52:10,TPFR8602,8602,100,0,0,0,0,0,0
2019-02-28 13:52:10,TRIPSRUS,10000,100,0,4347,0,65205,0,4347
2019-02-28 13:52:20,TPFN8601,8601,100,0,0,0,0,0,0
2019-02-28 13:52:20,TPFN8603,8603,100,0,0,0,0,0,0
2019-02-28 13:52:20,TPFR8600,8600,100,0,0,0,0,0,0
2019-02-28 13:52:20,TPFR8602,8602,100,0,0,0,0,0,0
2019-02-28 13:52:20,TRIPSRUS,10000,100,0,5063,0,75945,0,5063
2019-02-28 13:52:30,TPFN8601,8601,100,0,0,0,0,0,0
2019-02-28 13:52:30,TPFN8603,8603,100,0,0,0,0,0,0
2019-02-28 13:52:30,TPFR8600,8600,100,0,0,0,0,0,0
2019-02-28 13:52:30,TPFR8602,8602,100,0,0,0,0,0,0
2019-02-28 13:52:30,TRIPSRUS,10000,100,0,5731,0,85965,0,5731
2019-02-28 13:52:40,TPFN8601,8601,100,0,0,0,0,0,0
2019-02-28 13:52:40,TPFN8603,8603,100,0,0,0,0,0,0
2019-02-28 13:52:40,TPFR8600,8600,100,0,0,0,0,0,0
2019-02-28 13:52:40,TPFR8602,8602,100,0,0,0,0,0,0
2019-02-28 13:52:40,TRIPSRUS,10000,100,0,5751,0,86265,0,5751
2019-02-28 13:52:50,TPFN8601,8601,100,0,0,0,0,0,0
2019-02-28 13:52:50,TPFN8603,8603,100,0,0,0,0,0,0
2019-02-28 13:52:50,TPFR8600,8600,100,0,0,0,0,0,0
2019-02-28 13:52:50,TPFR8602,8602,100,0,0,0,0,0,0
2019-02-28 13:52:50,TRIPSRUS,10000,100,0,5144,0,77160,0,5144
2019-02-28 13:53:00,TPFN8601,8601,100,0,0,0,0,0,0
2019-02-28 13:53:00,TPFN8603,8603,100,0,0,0,0,0,0
2019-02-28 13:53:00,TPFR8600,8600,100,0,0,0,0,0,0
2019-02-28 13:53:00,TPFR8602,8602,100,0,0,0,0,0,0
2019-02-28 13:53:00,TRIPSRUS,10000,100,0,4409,0,66135,0,4409
2019-02-28 13:53:10,TPFN8601,8601,100,0,0,0,0,0,0
2019-02-28 13:53:10,TPFN8603,8603,100,0,0,0,0,0,0
2019-02-28 13:53:10,TPFR8600,8600,100,0,0,0,0,0,0
2019-02-28 13:53:10,TPFR8602,8602,100,0,0,0,0,0,0
2019-02-28 13:53:10,TRIPSRUS,10000,100,0,4361,0,65415,0,4361
2019-02-28 13:53:20,TPFN8601,8601,100,0,0,0,0,0,0
2019-02-28 13:53:20,TPFN8603,8603,100,0,0,0,0,0,0
2019-02-28 13:53:20,TPFR8600,8600,100,0,0,0,0,0,0
2019-02-28 13:53:20,TPFR8602,8602,100,0,0,0,0,0,0
2019-02-28 13:53:20,TRIPSRUS,10000,100,0,5066,0,75990,0,5066
2019-02-28 13:53:30,TPFN8601,8601,100,0,0,0,0,0,0
2019-02-28 13:53:30,TPFN8603,8603,100,0,0,0,0,0,0
2019-02-28 13:53:30,TPFR8600,8600,100,0,0,0,0,0,0
2019-02-28 13:53:30,TPFR8602,8602,100,0,0,0,0,0,0
2019-02-28 13:53:30,TRIPSRUS,10000,100,0,5700,0,85500,0,5700
2019-02-28 13:53:40,TPFN8601,8601,100,0,0,0,0,0,0
2019-02-28 13:53:40,TPFN8603,8603,100,0,0,0,0,0,0
2019-02-28 13:53:40,TPFR8600,8600,100,0,0,0,0,0,0
2019-02-28 13:53:40,TPFR8602,8602,100,0,0,0,0,0,0
2019-02-28 13:53:40,TRIPSRUS,10000,100,0,5779,0,86685,0,5779
2019-02-28 13:53:50,TPFN8601,8601,100,0,0,0,0,0,0
2019-02-28 13:53:50,TPFN8603,8603,100,0,0,0,0,0,0
2019-02-28 13:53:50,TPFR8600,8600,100,0,0,0,0,0,0
2019-02-28 13:53:50,TPFR8602,8602,100,0,0,0,0,0,0
2019-02-28 13:53:50,TRIPSRUS,10000,100,0,5018,0,75270,0,5018
2019-02-28 13:54:00,TPFN8601,8601,100,0,0,0,0,0,0
2019-02-28 13:54:00,TPFN8603,8603,100,0,0,0,0,0,0
2019-02-28 13:54:00,TPFR8600,8600,100,0,0,0,0,0,0
2019-02-28 13:54:00,TPFR8602,8602,100,0,0,0,0,0,0
2019-02-28 13:54:00,TRIPSRUS,10000,100,0,4440,0,66600,0,4440
2019-02-28 13:54:10,TPFN8601,8601,100,0,0,0,0,0,0
2019-02-28 13:54:10,TPFN8603,8603,100,0,0,0,0,0,0
2019-02-28 13:54:10,TPFR8600,8600,100,0,0,0,0,0,0
2019-02-28 13:54:10,TPFR8602,8602,100,0,0,0,0,0,0
2019-02-28 13:54:10,TRIPSRUS,10000,100,0,4364,0,65460,0,4364
2019-02-28 13:54:20,TPFN8601,8601,100,0,0,0,0,0,0
2019-02-28 13:54:20,TPFN8603,8603,100,0,0,0,0,0,0
2019-02-28 13:54:20,TPFR8600,8600,100,0,0,0,0,0,0
2019-02-28 13:54:20,TPFR8602,8602,100,0,0,0,0,0,0
2019-02-28 13:54:20,TRIPSRUS,10000,100,0,5133,0,76995,0,5133
2019-02-28 13:54:30,TPFN8601,8601,100,0,0,0,0,0,0
2019-02-28 13:54:30,TPFN8603,8603,100,0,0,0,0,0,0
2019-02-28 13:54:30,TPFR8600,8600,100,0,0,0,0,0,0
2019-02-28 13:54:30,TPFR8602,8602,100,0,0,0,0,0,0
2019-02-28 13:54:30,TRIPSRUS,10000,100,0,5753,0,86295,0,5753
2019-02-28 13:54:40,TPFN8601,8601,100,0,0,0,0,0,0
2019-02-28 13:54:40,TPFN8603,8603,100,0,0,0,0,0,0
2019-02-28 13:54:40,TPFR8600,8600,100,0,0,0,0,0,0
2019-02-28 13:54:40,TPFR8602,8602,100,0,0,0,0,0,0
2019-02-28 13:54:40,TRIPSRUS,10000,100,0,5781,0,86715,0,5781
2019-02-28 13:54:50,TPFN8601,8601,100,0,0,0,0,0,0
2019-02-28 13:54:50,TPFN8603,8603,100,0,0,0,0,0,0
2019-02-28 13:54:50,TPFR8600,8600,100,0,0,0,0,0,0
2019-02-28 13:54:50,TPFR8602,8602,100,0,0,0,0,0,0
2019-02-28 13:54:50,TRIPSRUS,10000,100,0,5093,0,76395,0,5093
2019-02-28 13:55:00,TPFN8601,8601,100,0,0,0,0,0,0
2019-02-28 13:55:00,TPFN8603,8603,100,0,0,0,0,0,0
2019-02-28 13:55:00,TPFR8600,8600,100,0,0,0,0,0,0
2019-02-28 13:55:00,TPFR8602,8602,100,0,0,0,0,0,0
2019-02-28 13:55:00,TRIPSRUS,10000,100,0,4369,0,65535,0,4369
2019-02-28 13:55:10,TPFN8601,8601,100,0,0,0,0,0,0
2019-02-28 13:55:10,TPFN8603,8603,100,0,0,0,0,0,0
2019-02-28 13:55:10,TPFR8600,8600,100,0,0,0,0,0,0
2019-02-28 13:55:10,TPFR8602,8602,100,0,0,0,0,0,0
2019-02-28 13:55:10,TRIPSRUS,10000,100,0,4441,0,66615,0,4441
2019-02-28 13:55:20,TPFN8601,8601,100,0,0,0,0,0,0
2019-02-28 13:55:20,TPFN8603,8603,100,0,0,0,0,0,0
2019-02-28 13:55:20,TPFR8600,8600,100,0,0,0,0,0,0
2019-02-28 13:55:20,TPFR8602,8602,100,0,0,0,0,0,0
2019-02-28 13:55:20,TRIPSRUS,10000,100,0,5041,0,75615,0,5041
2019-02-28 13:55:30,TPFN8601,8601,100,0,0,0,0,0,0
2019-02-28 13:55:30,TPFN8603,8603,100,0,0,0,0,0,0
2019-02-28 13:55:30,TPFR8600,8600,100,0,0,0,0,0,0
2019-02-28 13:55:30,TPFR8602,8602,100,0,0,0,0,0,0
2019-02-28 13:55:30,TRIPSRUS,10000,100,0,5773,0,86595,0,5773
2019-02-28 13:55:40,TPFN8601,8601,100,0,0,0,0,0,0
2019-02-28 13:55:40,TPFN8603,8603,100,0,0,0,0,0,0
2019-02-28 13:55:40,TPFR8600,8600,100,0,0,0,0,0,0
2019-02-28 13:55:40,TPFR8602,8602,100,0,0,0,0,0,0
2019-02-28 13:55:40,TRIPSRUS,10000,100,0,5783,0,86745,0,5783
2019-02-28 13:55:50,TPFN8601,8601,100,0,0,0,0,0,0
2019-02-28 13:55:50,TPFN8603,8603,100,0,0,0,0,0,0
2019-02-28 13:55:50,TPFR8600,8600,100,0,0,0,0,0,0
2019-02-28 13:55:50,TPFR8602,8602,100,0,0,0,0,0,0
2019-02-28 13:55:50,TRIPSRUS,10000,100,0,5053,0,75795,0,5053
2019-02-28 13:56:00,TPFN8601,8601,100,0,0,0,0,0,0
2019-02-28 13:56:00,TPFN8603,8603,100,0,0,0,0,0,0
2019-02-28 13:56:00,TPFR8600,8600,100,0,0,0,0,0,0
2019-02-28 13:56:00,TPFR8602,8602,100,0,0,0,0,0,0
2019-02-28 13:56:00,TRIPSRUS,10000,100,0,4372,0,65580,0,4372
2019-02-28 13:56:10,TPFN8601,8601,100,0,0,0,0,0,0
2019-02-28 13:56:10,TPFN8603,8603,100,0,0,0,0,0,0
2019-02-28 13:56:10,TPFR8600,8600,100,0,0,0,0,0,0
2019-02-28 13:56:10,TPFR8602,8602,100,0,0,0,0,0,0
2019-02-28 13:56:10,TRIPSRUS,10000,100,0,4392,0,65880,0,4392
2019-02-28 13:56:20,TPFN8601,8601,100,0,0,0,0,0,0
2019-02-28 13:56:20,TPFN8603,8603,100,0,0,0,0,0,0
2019-02-28 13:56:20,TPFR8600,8600,100,0,0,0,0,0,0
2019-02-28 13:56:20,TPFR8602,8602,100,0,0,0,0,0,0
2019-02-28 13:56:20,TRIPSRUS,10000,100,0,5046,0,75690,0,5046
2019-02-28 13:56:30,TPFN8601,8601,100,0,0,0,0,0,0
2019-02-28 13:56:30,TPFN8603,8603,100,0,0,0,0,0,0
2019-02-28 13:56:30,TPFR8600,8600,100,0,0,0,0,0,0
2019-02-28 13:56:30,TPFR8602,8602,100,0,0,0,0,0,0
2019-02-28 13:56:30,TRIPSRUS,10000,100,0,5742,0,86130,0,5742
2019-02-28 13:56:40,TPFN8601,8601,100,0,0,0,0,0,0
2019-02-28 13:56:40,TPFN8603,8603,100,0,0,0,0,0,0
2019-02-28 13:56:40,TPFR8600,8600,100,0,0,0,0,0,0
2019-02-28 13:56:40,TPFR8602,8602,100,0,0,0,0,0,0
2019-02-28 13:56:40,TRIPSRUS,10000,100,0,5780,0,86700,0,5780
2019-02-28 13:56:50,TPFN8601,8601,100,0,0,0,0,0,0
2019-02-28 13:56:50,TPFN8603,8603,100,0,0,0,0,0,0
2019-02-28 13:56:50,TPFR8600,8600,100,0,0,0,0,0,0
2019-02-28 13:56:50,TPFR8602,8602,100,0,0,0,0,0,0
2019-02-28 13:56:50,TRIPSRUS,10000,100,0,5048,0,75720,0,5048
2019-02-28 13:57:00,TPFN8601,8601,100,0,0,0,0,0,0
2019-02-28 13:57:00,TPFN8603,8603,100,0,0,0,0,0,0
2019-02-28 13:57:00,TPFR8600,8600,100,0,0,0,0,0,0
2019-02-28 13:57:00,TPFR8602,8602,100,0,0,0,0,0,0
2019-02-28 13:57:00,TRIPSRUS,10000,100,0,4371,0,65565,0,4371
2019-02-28 13:57:10,TPFN8601,8601,100,0,0,0,0,0,0
2019-02-28 13:57:10,TPFN8603,8603,100,0,0,0,0,0,0
2019-02-28 13:57:10,TPFR8600,8600,100,0,0,0,0,0,0
2019-02-28 13:57:10,TPFR8602,8602,100,0,0,0,0,0,0
2019-02-28 13:57:10,TRIPSRUS,10000,100,0,4440,0,66600,0,4440
2019-02-28 13:57:20,TPFN8601,8601,100,0,0,0,0,0,0
2019-02-28 13:57:20,TPFN8603,8603,100,0,0,0,0,0,0
2019-02-28 13:57:20,TPFR8600,8600,100,0,0,0,0,0,0
2019-02-28 13:57:20,TPFR8602,8602,100,0,0,0,0,0,0
2019-02-28 13:57:20,TRIPSRUS,10000,100,0,5000,0,75000,0,5000
2019-02-28 13:57:30,TPFN8601,8601,100,0,0,0,0,0,0
2019-02-28 13:57:30,TPFN8603,8603,100,0,0,0,0,0,0
2019-02-28 13:57:30,TPFR8600,8600,100,0,0,0,0,0,0
2019-02-28 13:57:30,TPFR8602,8602,100,0,0,0,0,0,0
2019-02-28 13:57:30,TRIPSRUS,10000,100,0,5787,0,86805,0,5787
2019-02-28 13:57:40,TPFN8601,8601,100,0,0,0,0,0,0
2019-02-28 13:57:40,TPFN8603,8603,100,0,0,0,0,0,0
2019-02-28 13:57:40,TPFR8600,8600,100,0,0,0,0,0,0
2019-02-28 13:57:40,TPFR8602,8602,100,0,0,0,0,0,0
2019-02-28 13:57:40,TRIPSRUS,10000,100,0,5707,0,85605,0,5707
2019-02-28 13:57:50,TPFN8601,8601,100,0,0,0,0,0,0
2019-02-28 13:57:50,TPFN8603,8603,100,0,0,0,0,0,0
2019-02-28 13:57:50,TPFR8600,8600,100,0,0,0,0,0,0
2019-02-28 13:57:50,TPFR8602,8602,100,0,0,0,0,0,0
2019-02-28 13:57:50,TRIPSRUS,10000,100,0,5014,0,75210,0,5014
2019-02-28 13:58:00,TPFN8601,8601,100,0,0,0,0,0,0
2019-02-28 13:58:00,TPFN8603,8603,100,0,0,0,0,0,0
2019-02-28 13:58:00,TPFR8600,8600,100,0,0,0,0,0,0
2019-02-28 13:58:00,TPFR8602,8602,100,0,0,0,0,0,0
2019-02-28 13:58:00,TRIPSRUS,10000,100,0,4371,0,65565,0,4371
2019-02-28 13:58:10,TPFN8601,8601,100,0,0,0,0,0,0
2019-02-28 13:58:10,TPFN8603,8603,100,0,0,0,0,0,0
2019-02-28 13:58:10,TPFR8600,8600,100,0,0,0,0,0,0
2019-02-28 13:58:10,TPFR8602,8602,100,0,0,0,0,0,0
2019-02-28 13:58:10,TRIPSRUS,10000,100,0,4400,0,66000,0,4400
2019-02-28 13:58:20,TPFN8601,8601,100,0,0,0,0,0,0
2019-02-28 13:58:20,TPFN8603,8603,100,0,0,0,0,0,0
2019-02-28 13:58:20,TPFR8600,8600,100,0,0,0,0,0,0
2019-02-28 13:58:20,TPFR8602,8602,100,0,0,0,0,0,0
2019-02-28 13:58:20,TRIPSRUS,10000,100,0,5054,0,75810,0,5054
2019-02-28 13:58:30,TPFN8601,8601,100,0,0,0,0,0,0
2019-02-28 13:58:30,TPFN8603,8603,100,0,0,0,0,0,0
2019-02-28 13:58:30,TPFR8600,8600,100,0,0,0,0,0,0
2019-02-28 13:58:30,TPFR8602,8602,100,0,0,0,0,0,0
2019-02-28 13:58:30,TRIPSRUS,10000,100,0,5745,0,86175,0,5745
2019-02-28 13:58:40,TPFN8601,8601,100,0,0,0,0,0,0
2019-02-28 13:58:40,TPFN8603,8603,100,0,0,0,0,0,0
2019-02-28 13:58:40,TPFR8600,8600,100,0,0,0,0,0,0
2019-02-28 13:58:40,TPFR8602,8602,100,0,0,0,0,0,0
2019-02-28 13:58:40,TRIPSRUS,10000,100,0,5740,0,86100,0,5740
2019-02-28 13:58:50,TPFN8601,8601,100,0,0,0,0,0,0
2019-02-28 13:58:50,TPFN8603,8603,100,0,0,0,0,0,0
2019-02-28 13:58:50,TPFR8600,8600,100,0,0,0,0,0,0
2019-02-28 13:58:50,TPFR8602,8602,100,0,0,0,0,0,0
2019-02-28 13:58:50,TRIPSRUS,10000,100,0,5069,0,76035,0,5069
2019-02-28 13:59:00,TPFN8601,8601,100,0,0,0,0,0,0
2019-02-28 13:59:00,TPFN8603,8603,100,0,0,0,0,0,0
2019-02-28 13:59:00,TPFR8600,8600,100,0,0,0,0,0,0
2019-02-28 13:59:00,TPFR8602,8602,100,0,0,0,0,0,0
2019-02-28 13:59:00,TRIPSRUS,10000,100,0,4380,0,65700,0,4380
2019-02-28 13:59:10,TPFN8601,8601,100,0,0,0,0,0,0
2019-02-28 13:59:10,TPFN8603,8603,100,0,0,0,0,0,0
2019-02-28 13:59:10,TPFR8600,8600,100,0,0,0,0,0,0
2019-02-28 13:59:10,TPFR8602,8602,100,0,0,0,0,0,0
2019-02-28 13:59:10,TRIPSRUS,10000,100,0,4420,0,66300,0,4420
2019-02-28 13:59:20,TPFN8601,8601,100,0,0,0,0,0,0
2019-02-28 13:59:20,TPFN8603,8603,100,0,0,0,0,0,0
2019-02-28 13:59:20,TPFR8600,8600,100,0,0,0,0,0,0
2019-02-28 13:59:20,TPFR8602,8602,100,0,0,0,0,0,0
2019-02-28 13:59:20,TRIPSRUS,10000,100,0,5132,0,76980,0,5132
2019-02-28 13:59:30,TPFN8601,8601,100,0,0,0,0,0,0
2019-02-28 13:59:30,TPFN8603,8603,100,0,0,0,0,0,0
2019-02-28 13:59:30,TPFR8600,8600,100,0,0,0,0,0,0
2019-02-28 13:59:30,TPFR8602,8602,100,0,0,0,0,0,0
2019-02-28 13:59:30,TRIPSRUS,10000,100,0,5714,0,85710,0,5714
2019-02-28 13:59:40,TPFN8601,8601,100,0,0,0,0,0,0
2019-02-28 13:59:40,TPFN8603,8603,100,0,0,0,0,0,0
2019-02-28 13:59:40,TPFR8600,8600,100,0,0,0,0,0,0
2019-02-28 13:59:40,TPFR8602,8602,100,0,0,0,0,0,0
2019-02-28 13:59:40,TRIPSRUS,10000,100,0,5754,0,86310,0,5754
2019-02-28 13:59:50,TPFN8601,8601,100,0,0,0,0,0,0
2019-02-28 13:59:50,TPFN8603,8603,100,0,0,0,0,0,0
2019-02-28 13:59:50,TPFR8600,8600,100,0,0,0,0,0,0
2019-02-28 13:59:50,TPFR8602,8602,100,0,0,0,0,0,0
2019-02-28 13:59:50,TRIPSRUS,10000,100,0,5065,0,75975,0,5065
2019-02-28 14:00:00,TPFN8601,8601,100,0,0,0,0,0,0
2019-02-28 14:00:00,TPFN8603,8603,100,0,0,0,0,0,0
2019-02-28 14:00:00,TPFR8600,8600,100,0,0,0,0,0,0
2019-02-28 14:00:00,TPFR8602,8602,100,0,0,0,0,0,0
2019-02-28 14:00:00,TRIPSRUS,10000,100,0,4439,0,66585,0,4439
2019-02-28 14:00:10,TPFN8601,8601,100,0,0,0,0,0,0
2019-02-28 14:00:10,TPFN8603,8603,100,0,0,0,0,0,0
2019-02-28 14:00:10,TPFR8600,8600,100,0,0,0,0,0,0
2019-02-28 14:00:10,TPFR8602,8602,100,0,0,0,0,0,0
2019-02-28 14:00:10,TRIPSRUS,10000,100,0,4427,0,66405,0,4427
2019-02-28 14:00:20,TPFN8601,8601,100,0,0,0,0,0,0
2019-02-28 14:00:20,TPFN8603,8603,100,0,0,0,0,0,0
2019-02-28 14:00:20,TPFR8600,8600,100,0,0,0,0,0,0
2019-02-28 14:00:20,TPFR8602,8602,100,0,0,0,0,0,0
2019-02-28 14:00:20,TRIPSRUS,10000,100,0,5053,0,75795,0,5053
2019-02-28 14:00:30,TPFN8601,8601,100,0,0,0,0,0,0
2019-02-28 14:00:30,TPFN8603,8603,100,0,0,0,0,0,0
2019-02-28 14:00:30,TPFR8600,8600,100,0,0,0,0,0,0
2019-02-28 14:00:30,TPFR8602,8602,100,0,0,0,0,0,0
2019-02-28 14:00:30,TRIPSRUS,10000,100,0,5716,0,85740,0,5716
2019-02-28 14:00:40,TPFN8601,8601,100,0,0,0,0,0,0
2019-02-28 14:00:40,TPFN8603,8603,100,0,0,0,0,0,0
2019-02-28 14:00:40,TPFR8600,8600,100,0,0,0,0,0,0
2019-02-28 14:00:40,TPFR8602,8602,100,0,0,0,0,0,0
2019-02-28 14:00:40,TRIPSRUS,10000,100,0,5765,0,86475,0,5765
2019-02-28 14:00:50,TPFN8601,8601,100,0,0,0,0,0,0
2019-02-28 14:00:50,TPFN8603,8603,100,0,0,0,0,0,0
2019-02-28 14:00:50,TPFR8600,8600,100,0,0,0,0,0,0
2019-02-28 14:00:50,TPFR8602,8602,100,0,0,0,0,0,0
2019-02-28 14:00:50,TRIPSRUS,10000,100,0,5055,0,75825,0,5055
2019-02-28 14:01:00,TPFN8601,8601,100,0,0,0,0,0,0
2019-02-28 14:01:00,TPFN8603,8603,100,0,0,0,0,0,0
2019-02-28 14:01:00,TPFR8600,8600,100,0,0,0,0,0,0
2019-02-28 14:01:00,TPFR8602,8602,100,0,0,0,0,0,0
2019-02-28 14:01:00,TRIPSRUS,10000,100,0,4418,0,66270,0,4418
2019-02-28 14:01:10,TPFN8601,8601,100,0,0,0,0,0,0
2019-02-28 14:01:10,TPFN8603,8603,100,0,0,0,0,0,0
2019-02-28 14:01:10,TPFR8600,8600,100,0,0,0,0,0,0
2019-02-28 14:01:10,TPFR8602,8602,100,0,0,0,0,0,0
2019-02-28 14:01:10,TRIPSRUS,10000,100,0,4368,0,65520,0,4368
2019-02-28 14:01:20,TPFN8601,8601,100,0,0,0,0,0,0
2019-02-28 14:01:20,TPFN8603,8603,100,0,0,0,0,0,0
2019-02-28 14:01:20,TPFR8600,8600,100,0,0,0,0,0,0
2019-02-28 14:01:20,TPFR8602,8602,100,0,0,0,0,0,0
2019-02-28 14:01:20,TRIPSRUS,10000,100,0,5126,0,76890,0,5126
2019-02-28 14:01:30,TPFN8601,8601,100,0,0,0,0,0,0
2019-02-28 14:01:30,TPFN8603,8603,100,0,0,0,0,0,0
2019-02-28 14:01:30,TPFR8600,8600,100,0,0,0,0,0,0
2019-02-28 14:01:30,TPFR8602,8602,100,0,0,0,0,0,0
2019-02-28 14:01:30,TRIPSRUS,10000,100,0,5787,0,86805,0,5787
2019-02-28 14:01:40,TPFN8601,8601,100,0,0,0,0,0,0
2019-02-28 14:01:40,TPFN8603,8603,100,0,0,0,0,0,0
2019-02-28 14:01:40,TPFR8600,8600,100,0,0,0,0,0,0
2019-02-28 14:01:40,TPFR8602,8602,100,0,0,0,0,0,0
2019-02-28 14:01:40,TRIPSRUS,10000,100,0,5798,0,86970,0,5798
2019-02-28 14:01:50,TPFN8601,8601,100,0,0,0,0,0,0
2019-02-28 14:01:50,TPFN8603,8603,100,0,0,0,0,0,0
2019-02-28 14:01:50,TPFR8600,8600,100,0,0,0,0,0,0
2019-02-28 14:01:50,TPFR8602,8602,100,0,0,0,0,0,0
2019-02-28 14:01:50,TRIPSRUS,10000,100,0,5114,0,76710,0,5114
2019-02-28 14:02:00,TPFN8601,8601,100,0,0,0,0,0,0
2019-02-28 14:02:00,TPFN8603,8603,100,0,0,0,0,0,0
2019-02-28 14:02:00,TPFR8600,8600,100,0,0,0,0,0,0
2019-02-28 14:02:00,TPFR8602,8602,100,0,0,0,0,0,0
2019-02-28 14:02:00,TRIPSRUS,10000,100,0,4398,0,65970,0,4398
2019-02-28 14:02:10,TPFN8601,8601,100,0,0,0,0,0,0
2019-02-28 14:02:10,TPFN8603,8603,100,0,0,0,0,0,0
2019-02-28 14:02:10,TPFR8600,8600,100,0,0,0,0,0,0
2019-02-28 14:02:10,TPFR8602,8602,100,0,0,0,0,0,0
2019-02-28 14:02:10,TRIPSRUS,10000,100,0,4455,0,66825,0,4455
2019-02-28 14:02:20,TPFN8601,8601,100,0,0,0,0,0,0
2019-02-28 14:02:20,TPFN8603,8603,100,0,0,0,0,0,0
2019-02-28 14:02:20,TPFR8600,8600,100,0,0,0,0,0,0
2019-02-28 14:02:20,TPFR8602,8602,100,0,0,0,0,0,0
2019-02-28 14:02:20,TRIPSRUS,10000,100,0,5082,0,76230,0,5082
2019-02-28 14:02:30,TPFN8601,8601,100,0,0,0,0,0,0
2019-02-28 14:02:30,TPFN8603,8603,100,0,0,0,0,0,0
2019-02-28 14:02:30,TPFR8600,8600,100,0,0,0,0,0,0
2019-02-28 14:02:30,TPFR8602,8602,100,0,0,0,0,0,0
2019-02-28 14:02:30,TRIPSRUS,10000,100,0,5736,0,86040,0,5736
2019-02-28 14:02:40,TPFN8601,8601,100,0,0,0,0,0,0
2019-02-28 14:02:40,TPFN8603,8603,100,0,0,0,0,0,0
2019-02-28 14:02:40,TPFR8600,8600,100,0,0,0,0,0,0
2019-02-28 14:02:40,TPFR8602,8602,100,0,0,0,0,0,0
2019-02-28 14:02:40,TRIPSRUS,10000,100,0,5763,0,86445,0,5763
2019-02-28 14:02:50,TPFN8601,8601,100,0,0,0,0,0,0
2019-02-28 14:02:50,TPFN8603,8603,100,0,0,0,0,0,0
2019-02-28 14:02:50,TPFR8600,8600,100,0,0,0,0,0,0
2019-02-28 14:02:50,TPFR8602,8602,100,0,0,0,0,0,0
2019-02-28 14:02:50,TRIPSRUS,10000,100,0,5027,0,75405,0,5027
2019-02-28 14:03:00,TPFN8601,8601,100,0,0,0,0,0,0
2019-02-28 14:03:00,TPFN8603,8603,100,0,0,0,0,0,0
2019-02-28 14:03:00,TPFR8600,8600,100,0,0,0,0,0,0
2019-02-28 14:03:00,TPFR8602,8602,100,0,0,0,0,0,0
2019-02-28 14:03:00,TRIPSRUS,10000,100,0,4352,0,65280,0,4352
2019-02-28 14:03:10,TPFN8601,8601,100,0,0,0,0,0,0
2019-02-28 14:03:10,TPFN8603,8603,100,0,0,0,0,0,0
2019-02-28 14:03:10,TPFR8600,8600,100,0,0,0,0,0,0
2019-02-28 14:03:10,TPFR8602,8602,100,0,0,0,0,0,0
2019-02-28 14:03:10,TRIPSRUS,10000,100,0,4429,0,66435,0,4429
2019-02-28 14:03:20,TPFN8601,8601,100,0,0,0,0,0,0
2019-02-28 14:03:20,TPFN8603,8603,100,0,0,0,0,0,0
2019-02-28 14:03:20,TPFR8600,8600,100,0,0,0,0,0,0
2019-02-28 14:03:20,TPFR8602,8602,100,0,0,0,0,0,0
2019-02-28 14:03:20,TRIPSRUS,10000,100,0,5086,0,76290,0,5086
2019-02-28 14:03:30,TPFN8601,8601,100,0,0,0,0,0,0
2019-02-28 14:03:30,TPFN8603,8603,100,0,0,0,0,0,0
2019-02-28 14:03:30,TPFR8600,8600,100,0,0,0,0,0,0
2019-02-28 14:03:30,TPFR8602,8602,100,0,0,0,0,0,0
2019-02-28 14:03:30,TRIPSRUS,10000,100,0,5734,0,86010,0,5734
2019-02-28 14:03:40,TPFN8601,8601,100,0,0,0,0,0,0
2019-02-28 14:03:40,TPFN8603,8603,100,0,0,0,0,0,0
2019-02-28 14:03:40,TPFR8600,8600,100,0,0,0,0,0,0
2019-02-28 14:03:40,TPFR8602,8602,100,0,0,0,0,0,0
2019-02-28 14:03:40,TRIPSRUS,10000,100,0,5763,0,86445,0,5763
2019-02-28 14:03:50,TPFN8601,8601,100,0,0,0,0,0,0
2019-02-28 14:03:50,TPFN8603,8603,100,0,0,0,0,0,0
2019-02-28 14:03:50,TPFR8600,8600,100,0,0,0,0,0,0
2019-02-28 14:03:50,TPFR8602,8602,100,0,0,0,0,0,0
2019-02-28 14:03:50,TRIPSRUS,10000,100,0,5056,0,75840,0,5056
2019-02-28 14:04:00,TPFN8601,8601,100,0,0,0,0,0,0
2019-02-28 14:04:00,TPFN8603,8603,100,0,0,0,0,0,0
2019-02-28 14:04:00,TPFR8600,8600,100,0,0,0,0,0,0
2019-02-28 14:04:00,TPFR8602,8602,100,0,0,0,0,0,0
2019-02-28 14:04:00,TRIPSRUS,10000,100,0,4423,0,66345,0,4423
2019-02-28 14:04:10,TPFN8601,8601,100,0,0,0,0,0,0
2019-02-28 14:04:10,TPFN8603,8603,100,0,0,0,0,0,0
2019-02-28 14:04:10,TPFR8600,8600,100,0,0,0,0,0,0
2019-02-28 14:04:10,TPFR8602,8602,100,0,0,0,0,0,0
2019-02-28 14:04:10,TRIPSRUS,10000,100,0,4381,0,65715,0,4381
2019-02-28 14:04:20,TPFN8601,8601,100,0,0,0,0,0,0
2019-02-28 14:04:20,TPFN8603,8603,100,0,0,0,0,0,0
2019-02-28 14:04:20,TPFR8600,8600,100,0,0,0,0,0,0
2019-02-28 14:04:20,TPFR8602,8602,100,0,0,0,0,0,0
2019-02-28 14:04:20,TRIPSRUS,10000,100,0,5051,0,75765,0,5051
2019-02-28 14:04:30,TPFN8601,8601,100,0,0,0,0,0,0
2019-02-28 14:04:30,TPFN8603,8603,100,0,0,0,0,0,0
2019-02-28 14:04:30,TPFR8600,8600,100,0,0,0,0,0,0
2019-02-28 14:04:30,TPFR8602,8602,100,0,0,0,0,0,0
2019-02-28 14:04:30,TRIPSRUS,10000,100,0,5706,0,85590,0,5706
2019-02-28 14:04:40,TPFN8601,8601,100,0,0,0,0,0,0
2019-02-28 14:04:40,TPFN8603,8603,100,0,0,0,0,0,0
2019-02-28 14:04:40,TPFR8600,8600,100,0,0,0,0,0,0
2019-02-28 14:04:40,TPFR8602,8602,100,0,0,0,0,0,0
2019-02-28 14:04:40,TRIPSRUS,10000,100,0,5794,0,86910,0,5794
2019-02-28 14:04:50,TPFN8601,8601,100,0,0,0,0,0,0
2019-02-28 14:04:50,TPFN8603,8603,100,0,0,0,0,0,0
2019-02-28 14:04:50,TPFR8600,8600,100,0,0,0,0,0,0
2019-02-28 14:04:50,TPFR8602,8602,100,0,0,0,0,0,0
2019-02-28 14:04:50,TRIPSRUS,10000,100,0,5097,0,76455,0,5097
2019-02-28 14:05:00,TPFN8601,8601,100,0,0,0,0,0,0
2019-02-28 14:05:00,TPFN8603,8603,100,0,0,0,0,0,0
2019-02-28 14:05:00,TPFR8600,8600,100,0,0,0,0,0,0
2019-02-28 14:05:00,TPFR8602,8602,100,0,0,0,0,0,0
2019-02-28 14:05:00,TRIPSRUS,10000,100,0,4393,0,65895,0,4393
2019-02-28 14:05:10,TPFN8601,8601,100,0,0,0,0,0,0
2019-02-28 14:05:10,TPFN8603,8603,100,0,0,0,0,0,0
2019-02-28 14:05:10,TPFR8600,8600,100,0,0,0,0,0,0
2019-02-28 14:05:10,TPFR8602,8602,100,0,0,0,0,0,0
2019-02-28 14:05:10,TRIPSRUS,10000,100,0,4364,0,65460,0,4364
2019-02-28 14:05:20,TPFN8601,8601,100,0,0,0,0,0,0
2019-02-28 14:05:20,TPFN8603,8603,100,0,0,0,0,0,0
2019-02-28 14:05:20,TPFR8600,8600,100,0,0,0,0,0,0
2019-02-28 14:05:20,TPFR8602,8602,100,0,0,0,0,0,0
2019-02-28 14:05:20,TRIPSRUS,10000,100,0,5072,0,76080,0,5072
2019-02-28 14:05:30,TPFN8601,8601,100,0,0,0,0,0,0
2019-02-28 14:05:30,TPFN8603,8603,100,0,0,0,0,0,0
2019-02-28 14:05:30,TPFR8600,8600,100,0,0,0,0,0,0
2019-02-28 14:05:30,TPFR8602,8602,100,0,0,0,0,0,0
2019-02-28 14:05:30,TRIPSRUS,10000,100,0,5762,0,86430,0,5762
2019-02-28 14:05:40,TPFN8601,8601,100,0,0,0,0,0,0
2019-02-28 14:05:40,TPFN8603,8603,100,0,0,0,0,0,0
2019-02-28 14:05:40,TPFR8600,8600,100,0,0,0,0,0,0
2019-02-28 14:05:40,TPFR8602,8602,100,0,0,0,0,0,0
2019-02-28 14:05:40,TRIPSRUS,10000,100,0,5746,0,86190,0,5746
2019-02-28 14:05:50,TPFN8601,8601,100,0,0,0,0,0,0
2019-02-28 14:05:50,TPFN8603,8603,100,0,0,0,0,0,0
2019-02-28 14:05:50,TPFR8600,8600,100,0,0,0,0,0,0
2019-02-28 14:05:50,TPFR8602,8602,100,0,0,0,0,0,0
2019-02-28 14:05:50,TRIPSRUS,10000,100,0,5094,0,76410,0,5094
2019-02-28 14:06:00,TPFN8601,8601,100,0,0,0,0,0,0
2019-02-28 14:06:00,TPFN8603,8603,100,0,0,0,0,0,0
2019-02-28 14:06:00,TPFR8600,8600,100,0,0,0,0,0,0
2019-02-28 14:06:00,TPFR8602,8602,100,0,0,0,0,0,0
2019-02-28 14:06:00,TRIPSRUS,10000,100,0,4351,0,65265,0,4351
2019-02-28 14:06:10,TPFN8601,8601,100,0,0,0,0,0,0
2019-02-28 14:06:10,TPFN8603,8603,100,0,0,0,0,0,0
2019-02-28 14:06:10,TPFR8600,8600,100,0,0,0,0,0,0
2019-02-28 14:06:10,TPFR8602,8602,100,0,0,0,0,0,0
2019-02-28 14:06:10,TRIPSRUS,10000,100,0,4392,0,65880,0,4392
2019-02-28 14:06:20,TPFN8601,8601,100,0,0,0,0,0,0
2019-02-28 14:06:20,TPFN8603,8603,100,0,0,0,0,0,0
2019-02-28 14:06:20,TPFR8600,8600,100,0,0,0,0,0,0
2019-02-28 14:06:20,TPFR8602,8602,100,0,0,0,0,0,0
2019-02-28 14:06:20,TRIPSRUS,10000,100,0,5068,0,76020,0,5068
2019-02-28 14:06:30,TPFN8601,8601,100,0,0,0,0,0,0
2019-02-28 14:06:30,TPFN8603,8603,100,0,0,0,0,0,0
2019-02-28 14:06:30,TPFR8600,8600,100,0,0,0,0,0,0
2019-02-28 14:06:30,TPFR8602,8602,100,0,0,0,0,0,0
2019-02-28 14:06:30,TRIPSRUS,10000,100,0,5694,0,85410,0,5694
2019-02-28 14:06:40,TPFN8601,8601,100,0,0,0,0,0,0
2019-02-28 14:06:40,TPFN8603,8603,100,0,0,0,0,0,0
2019-02-28 14:06:40,TPFR8600,8600,100,0,0,0,0,0,0
2019-02-28 14:06:40,TPFR8602,8602,100,0,0,0,0,0,0
2019-02-28 14:06:40,TRIPSRUS,10000,100,0,5787,0,86805,0,5787
2019-02-28 14:06:50,TPFN8601,8601,100,0,0,0,0,0,0
2019-02-28 14:06:50,TPFN8603,8603,100,0,0,0,0,0,0
2019-02-28 14:06:50,TPFR8600,8600,100,0,0,0,0,0,0
2019-02-28 14:06:50,TPFR8602,8602,100,0,0,0,0,0,0
2019-02-28 14:06:50,TRIPSRUS,10000,100,0,5085,0,76275,0,5085
2019-02-28 14:07:00,TPFN8601,8601,100,0,0,0,0,0,0
2019-02-28 14:07:00,TPFN8603,8603,100,0,0,0,0,0,0
2019-02-28 14:07:00,TPFR8600,8600,100,0,0,0,0,0,0
2019-02-28 14:07:00,TPFR8602,8602,100,0,0,0,0,0,0
2019-02-28 14:07:00,TRIPSRUS,10000,100,0,4389,0,65835,0,4389
2019-02-28 14:07:10,TPFN8601,8601,100,0,0,0,0,0,0
2019-02-28 14:07:10,TPFN8603,8603,100,0,0,0,0,0,0
2019-02-28 14:07:10,TPFR8600,8600,100,0,0,0,0,0,0
2019-02-28 14:07:10,TPFR8602,8602,100,0,0,0,0,0,0
2019-02-28 14:07:10,TRIPSRUS,10000,100,0,4341,0,65115,0,4341
2019-02-28 14:07:20,TPFN8601,8601,100,0,0,0,0,0,0
2019-02-28 14:07:20,TPFN8603,8603,100,0,0,0,0,0,0
2019-02-28 14:07:20,TPFR8600,8600,100,0,0,0,0,0,0
2019-02-28 14:07:20,TPFR8602,8602,100,0,0,0,0,0,0
2019-02-28 14:07:20,TRIPSRUS,10000,100,0,5011,0,75165,0,5011
2019-02-28 14:07:30,TPFN8601,8601,100,0,0,0,0,0,0
2019-02-28 14:07:30,TPFN8603,8603,100,0,0,0,0,0,0
2019-02-28 14:07:30,TPFR8600,8600,100,0,0,0,0,0,0
2019-02-28 14:07:30,TPFR8602,8602,100,0,0,0,0,0,0
2019-02-28 14:07:30,TRIPSRUS,10000,100,0,5747,0,86205,0,5747
2019-02-28 14:07:40,TPFN8601,8601,100,0,0,0,0,0,0
2019-02-28 14:07:40,TPFN8603,8603,100,0,0,0,0,0,0
2019-02-28 14:07:40,TPFR8600,8600,100,0,0,0,0,0,0
2019-02-28 14:07:40,TPFR8602,8602,100,0,0,0,0,0,0
2019-02-28 14:07:40,TRIPSRUS,10000,100,0,5789,0,86835,0,5789
2019-02-28 14:07:50,TPFN8601,8601,100,0,0,0,0,0,0
2019-02-28 14:07:50,TPFN8603,8603,100,0,0,0,0,0,0
2019-02-28 14:07:50,TPFR8600,8600,100,0,0,0,0,0,0
2019-02-28 14:07:50,TPFR8602,8602,100,0,0,0,0,0,0
2019-02-28 14:07:50,TRIPSRUS,10000,100,0,5070,0,76050,0,5070
2019-02-28 14:08:00,TPFN8601,8601,100,0,0,0,0,0,0
2019-02-28 14:08:00,TPFN8603,8603,100,0,0,0,0,0,0
2019-02-28 14:08:00,TPFR8600,8600,100,0,0,0,0,0,0
2019-02-28 14:08:00,TPFR8602,8602,100,0,0,0,0,0,0
2019-02-28 14:08:00,TRIPSRUS,10000,100,0,4458,0,66870,0,4458
2019-02-28 14:08:10,TPFN8601,8601,100,0,0,0,0,0,0
2019-02-28 14:08:10,TPFN8603,8603,100,0,0,0,0,0,0
2019-02-28 14:08:10,TPFR8600,8600,100,0,0,0,0,0,0
2019-02-28 14:08:10,TPFR8602,8602,100,0,0,0,0,0,0
2019-02-28 14:08:10,TRIPSRUS,10000,100,0,4396,0,65940,0,4396
2019-02-28 14:08:20,TPFN8601,8601,100,0,0,0,0,0,0
2019-02-28 14:08:20,TPFN8603,8603,100,0,0,0,0,0,0
2019-02-28 14:08:20,TPFR8600,8600,100,0,0,0,0,0,0
2019-02-28 14:08:20,TPFR8602,8602,100,0,0,0,0,0,0
2019-02-28 14:08:20,TRIPSRUS,10000,100,0,5045,0,75675,0,5045
2019-02-28 14:08:30,TPFN8601,8601,100,0,0,0,0,0,0
2019-02-28 14:08:30,TPFN8603,8603,100,0,0,0,0,0,0
2019-02-28 14:08:30,TPFR8600,8600,100,0,0,0,0,0,0
2019-02-28 14:08:30,TPFR8602,8602,100,0,0,0,0,0,0
2019-02-28 14:08:30,TRIPSRUS,10000,100,0,5726,0,85890,0,5726
2019-02-28 14:08:40,TPFN8601,8601,100,0,0,0,0,0,0
2019-02-28 14:08:40,TPFN8603,8603,100,0,0,0,0,0,0
2019-02-28 14:08:40,TPFR8600,8600,100,0,0,0,0,0,0
2019-02-28 14:08:40,TPFR8602,8602,100,0,0,0,0,0,0
2019-02-28 14:08:40,TRIPSRUS,10000,100,0,5693,0,85395,0,5693
2019-02-28 14:08:50,TPFN8601,8601,100,0,0,0,0,0,0
2019-02-28 14:08:50,TPFN8603,8603,100,0,0,0,0,0,0
2019-02-28 14:08:50,TPFR8600,8600,100,0,0,0,0,0,0
2019-02-28 14:08:50,TPFR8602,8602,100,0,0,0,0,0,0
2019-02-28 14:08:50,TRIPSRUS,10000,100,0,5102,0,76530,0,5102
2019-02-28 14:09:00,TPFN8601,8601,100,0,0,0,0,0,0
2019-02-28 14:09:00,TPFN8603,8603,100,0,0,0,0,0,0
2019-02-28 14:09:00,TPFR8600,8600,100,0,0,0,0,0,0
2019-02-28 14:09:00,TPFR8602,8602,100,0,0,0,0,0,0
2019-02-28 14:09:00,TRIPSRUS,10000,100,0,4372,0,65580,0,4372
2019-02-28 14:09:10,TPFN8601,8601,100,0,0,0,0,0,0
2019-02-28 14:09:10,TPFN8603,8603,100,0,0,0,0,0,0
2019-02-28 14:09:10,TPFR8600,8600,100,0,0,0,0,0,0
2019-02-28 14:09:10,TPFR8602,8602,100,0,0,0,0,0,0
2019-02-28 14:09:10,TRIPSRUS,10000,100,0,4425,0,66375,0,4425
2019-02-28 14:09:20,TPFN8601,8601,100,0,0,0,0,0,0
2019-02-28 14:09:20,TPFN8603,8603,100,0,0,0,0,0,0
2019-02-28 14:09:20,TPFR8600,8600,100,0,0,0,0,0,0
2019-02-28 14:09:20,TPFR8602,8602,100,0,0,0,0,0,0
2019-02-28 14:09:20,TRIPSRUS,10000,100,0,5054,0,75810,0,5054
2019-02-28 14:09:30,TPFN8601,8601,100,0,0,0,0,0,0
2019-02-28 14:09:30,TPFN8603,8603,100,0,0,0,0,0,0
2019-02-28 14:09:30,TPFR8600,8600,100,0,0,0,0,0,0
2019-02-28 14:09:30,TPFR8602,8602,100,0,0,0,0,0,0
2019-02-28 14:09:30,TRIPSRUS,10000,100,0,5759,0,86385,0,5759
2019-02-28 14:09:40,TPFN8601,8601,100,0,0,0,0,0,0
2019-02-28 14:09:40,TPFN8603,8603,100,0,0,0,0,0,0
2019-02-28 14:09:40,TPFR8600,8600,100,0,0,0,0,0,0
2019-02-28 14:09:40,TPFR8602,8602,100,0,0,0,0,0,0
2019-02-28 14:09:40,TRIPSRUS,10000,100,0,5724,0,85860,0,5724
2019-02-28 14:09:50,TPFN8601,8601,100,0,0,0,0,0,0
2019-02-28 14:09:50,TPFN8603,8603,100,0,0,0,0,0,0
2019-02-28 14:09:50,TPFR8600,8600,100,0,0,0,0,0,0
2019-02-28 14:09:50,TPFR8602,8602,100,0,0,0,0,0,0
2019-02-28 14:09:50,TRIPSRUS,10000,100,0,5010,0,75150,0,5010
2019-02-28 14:10:00,TPFN8601,8601,100,0,0,0,0,0,0
2019-02-28 14:10:00,TPFN8603,8603,100,0,0,0,0,0,0
2019-02-28 14:10:00,TPFR8600,8600,100,0,0,0,0,0,0
2019-02-28 14:10:00,TPFR8602,8602,100,0,0,0,0,0,0
2019-02-28 14:10:00,TRIPSRUS,10000,100,0,4395,0,65925,0,4395
2019-02-28 14:10:10,TPFN8601,8601,100,0,0,0,0,0,0
2019-02-28 14:10:10,TPFN8603,8603,100,0,0,0,0,0,0
2019-02-28 14:10:10,TPFR8600,8600,100,0,0,0,0,0,0
2019-02-28 14:10:10,TPFR8602,8602,100,0,0,0,0,0,0
2019-02-28 14:10:10,TRIPSRUS,10000,100,0,4396,0,65940,0,4396
2019-02-28 14:10:20,TPFN8601,8601,100,0,0,0,0,0,0
2019-02-28 14:10:20,TPFN8603,8603,100,0,0,0,0,0,0
2019-02-28 14:10:20,TPFR8600,8600,100,0,0,0,0,0,0
2019-02-28 14:10:20,TPFR8602,8602,100,0,0,0,0,0,0
2019-02-28 14:10:20,TRIPSRUS,10000,100,0,5090,0,76350,0,5090
2019-02-28 14:10:30,TPFN8601,8601,100,0,0,0,0,0,0
2019-02-28 14:10:30,TPFN8603,8603,100,0,0,0,0,0,0
2019-02-28 14:10:30,TPFR8600,8600,100,0,0,0,0,0,0
2019-02-28 14:10:30,TPFR8602,8602,100,0,0,0,0,0,0
2019-02-28 14:10:30,TRIPSRUS,10000,100,0,5702,0,85530,0,5702
2019-02-28 14:10:40,TPFN8601,8601,100,0,0,0,0,0,0
2019-02-28 14:10:40,TPFN8603,8603,100,0,0,0,0,0,0
2019-02-28 14:10:40,TPFR8600,8600,100,0,0,0,0,0,0
2019-02-28 14:10:40,TPFR8602,8602,100,0,0,0,0,0,0
2019-02-28 14:10:40,TRIPSRUS,10000,100,0,5716,0,85740,0,5716
2019-02-28 14:10:50,TPFN8601,8601,100,0,0,0,0,0,0
2019-02-28 14:10:50,TPFN8603,8603,100,0,0,0,0,0,0
2019-02-28 14:10:50,TPFR8600,8600,100,0,0,0,0,0,0
2019-02-28 14:10:50,TPFR8602,8602,100,0,0,0,0,0,0
2019-02-28 14:10:50,TRIPSRUS,10000,100,0,5075,0,76125,0,5075
2019-02-28 14:11:00,TPFN8601,8601,100,0,0,0,0,0,0
2019-02-28 14:11:00,TPFN8603,8603,100,0,0,0,0,0,0
2019-02-28 14:11:00,TPFR8600,8600,100,0,0,0,0,0,0
2019-02-28 14:11:00,TPFR8602,8602,100,0,0,0,0,0,0
2019-02-28 14:11:00,TRIPSRUS,10000,100,0,4375,0,65625,0,4375
2019-02-28 14:11:10,TPFN8601,8601,100,0,0,0,0,0,0
2019-02-28 14:11:10,TPFN8603,8603,100,0,0,0,0,0,0
2019-02-28 14:11:10,TPFR8600,8600,100,0,0,0,0,0,0
2019-02-28 14:11:10,TPFR8602,8602,100,0,0,0,0,0,0
2019-02-28 14:11:10,TRIPSRUS,10000,100,0,4475,0,67125,0,4475
2019-02-28 14:11:20,TPFN8601,8601,100,0,0,0,0,0,0
2019-02-28 14:11:20,TPFN8603,8603,100,0,0,0,0,0,0
2019-02-28 14:11:20,TPFR8600,8600,100,0,0,0,0,0,0
2019-02-28 14:11:20,TPFR8602,8602,100,0,0,0,0,0,0
2019-02-28 14:11:20,TRIPSRUS,10000,100,0,5048,0,75720,0,5048
2019-02-28 14:11:30,TPFN8601,8601,100,0,0,0,0,0,0
2019-02-28 14:11:30,TPFN8603,8603,100,0,0,0,0,0,0
2019-02-28 14:11:30,TPFR8600,8600,100,0,0,0,0,0,0
2019-02-28 14:11:30,TPFR8602,8602,100,0,0,0,0,0,0
2019-02-28 14:11:30,TRIPSRUS,10000,100,0,5735,0,86025,0,5735
2019-02-28 14:11:40,TPFN8601,8601,100,0,0,0,0,0,0
2019-02-28 14:11:40,TPFN8603,8603,100,0,0,0,0,0,0
2019-02-28 14:11:40,TPFR8600,8600,100,0,0,0,0,0,0
2019-02-28 14:11:40,TPFR8602,8602,100,0,0,0,0,0,0
2019-02-28 14:11:40,TRIPSRUS,10000,100,0,5705,0,85575,0,5705
2019-02-28 14:11:50,TPFN8601,8601,100,0,0,0,0,0,0
2019-02-28 14:11:50,TPFN8603,8603,100,0,0,0,0,0,0
2019-02-28 14:11:50,TPFR8600,8600,100,0,0,0,0,0,0
2019-02-28 14:11:50,TPFR8602,8602,100,0,0,0,0,0,0
2019-02-28 14:11:50,TRIPSRUS,10000,100,0,5063,0,75945,0,5063
2019-02-28 14:12:00,TPFN8601,8601,100,0,0,0,0,0,0
2019-02-28 14:12:00,TPFN8603,8603,100,0,0,0,0,0,0
2019-02-28 14:12:00,TPFR8600,8600,100,0,0,0,0,0,0
2019-02-28 14:12:00,TPFR8602,8602,100,0,0,0,0,0,0
2019-02-28 14:12:00,TRIPSRUS,10000,100,0,4478,0,67170,0,4478
2019-02-28 14:12:10,TPFN8601,8601,100,0,0,0,0,0,0
2019-02-28 14:12:10,TPFN8603,8603,100,0,0,0,0,0,0
2019-02-28 14:12:10,TPFR8600,8600,100,0,0,0,0,0,0
2019-02-28 14:12:10,TPFR8602,8602,100,0,0,0,0,0,0
2019-02-28 14:12:10,TRIPSRUS,10000,100,0,4362,0,65430,0,4362
2019-02-28 14:12:20,TPFN8601,8601,100,0,0,0,0,0,0
2019-02-28 14:12:20,TPFN8603,8603,100,0,0,0,0,0,0
2019-02-28 14:12:20,TPFR8600,8600,100,0,0,0,0,0,0
2019-02-28 14:12:20,TPFR8602,8602,100,0,0,0,0,0,0
2019-02-28 14:12:20,TRIPSRUS,10000,100,0,5057,0,75855,0,5057
2019-02-28 14:12:30,TPFN8601,8601,100,0,0,0,0,0,0
2019-02-28 14:12:30,TPFN8603,8603,100,0,0,0,0,0,0
2019-02-28 14:12:30,TPFR8600,8600,100,0,0,0,0,0,0
2019-02-28 14:12:30,TPFR8602,8602,100,0,0,0,0,0,0
2019-02-28 14:12:30,TRIPSRUS,10000,100,0,5764,0,86460,0,5764
2019-02-28 14:12:40,TPFN8601,8601,100,0,0,0,0,0,0
2019-02-28 14:12:40,TPFN8603,8603,100,0,0,0,0,0,0
2019-02-28 14:12:40,TPFR8600,8600,100,0,0,0,0,0,0
2019-02-28 14:12:40,TPFR8602,8602,100,0,0,0,0,0,0
2019-02-28 14:12:40,TRIPSRUS,10000,100,0,5653,0,84795,0,5653
2019-02-28 14:12:50,TPFN8601,8601,100,0,0,0,0,0,0
2019-02-28 14:12:50,TPFN8603,8603,100,0,0,0,0,0,0
2019-02-28 14:12:50,TPFR8600,8600,100,0,0,0,0,0,0
2019-02-28 14:12:50,TPFR8602,8602,100,0,0,0,0,0,0
2019-02-28 14:12:50,TRIPSRUS,10000,100,0,5148,0,77220,0,5148
2019-02-28 14:13:00,TPFN8601,8601,100,0,0,0,0,0,0
2019-02-28 14:13:00,TPFN8603,8603,100,0,0,0,0,0,0
2019-02-28 14:13:00,TPFR8600,8600,100,0,0,0,0,0,0
2019-02-28 14:13:00,TPFR8602,8602,100,0,0,0,0,0,0
2019-02-28 14:13:00,TRIPSRUS,10000,100,0,4420,0,66300,0,4420
2019-02-28 14:13:10,TPFN8601,8601,100,0,0,0,0,0,0
2019-02-28 14:13:10,TPFN8603,8603,100,0,0,0,0,0,0
2019-02-28 14:13:10,TPFR8600,8600,100,0,0,0,0,0,0
2019-02-28 14:13:10,TPFR8602,8602,100,0,0,0,0,0,0
2019-02-28 14:13:10,TRIPSRUS,10000,100,0,4423,0,66345,0,4423
2019-02-28 14:13:20,TPFN8601,8601,100,0,0,0,0,0,0
2019-02-28 14:13:20,TPFN8603,8603,100,0,0,0,0,0,0
2019-02-28 14:13:20,TPFR8600,8600,100,0,0,0,0,0,0
2019-02-28 14:13:20,TPFR8602,8602,100,0,0,0,0,0,0
2019-02-28 14:13:20,TRIPSRUS,10000,100,0,5147,0,77205,0,5147
2019-02-28 14:13:30,TPFN8601,8601,100,0,0,0,0,0,0
2019-02-28 14:13:30,TPFN8603,8603,100,0,0,0,0,0,0
2019-02-28 14:13:30,TPFR8600,8600,100,0,0,0,0,0,0
2019-02-28 14:13:30,TPFR8602,8602,100,0,0,0,0,0,0
2019-02-28 14:13:30,TRIPSRUS,10000,100,0,5730,0,85950,0,5730
2019-02-28 14:13:40,TPFN8601,8601,100,0,0,0,0,0,0
2019-02-28 14:13:40,TPFN8603,8603,100,0,0,0,0,0,0
2019-02-28 14:13:40,TPFR8600,8600,100,0,0,0,0,0,0
2019-02-28 14:13:40,TPFR8602,8602,100,0,0,0,0,0,0
2019-02-28 14:13:40,TRIPSRUS,10000,100,0,5804,0,87060,0,5804
2019-02-28 14:13:50,TPFN8601,8601,100,0,0,0,0,0,0
2019-02-28 14:13:50,TPFN8603,8603,100,0,0,0,0,0,0
2019-02-28 14:13:50,TPFR8600,8600,100,0,0,0,0,0,0
2019-02-28 14:13:50,TPFR8602,8602,100,0,0,0,0,0,0
2019-02-28 14:13:50,TRIPSRUS,10000,100,0,5034,0,75510,0,5034
2019-02-28 14:14:00,TPFN8601,8601,100,0,0,0,0,0,0
2019-02-28 14:14:00,TPFN8603,8603,100,0,0,0,0,0,0
2019-02-28 14:14:00,TPFR8600,8600,100,0,0,0,0,0,0
2019-02-28 14:14:00,TPFR8602,8602,100,0,0,0,0,0,0
2019-02-28 14:14:00,TRIPSRUS,10000,100,0,4381,0,65715,0,4381
2019-02-28 14:14:10,TPFN8601,8601,100,0,0,0,0,0,0
2019-02-28 14:14:10,TPFN8603,8603,100,0,0,0,0,0,0
2019-02-28 14:14:10,TPFR8600,8600,100,0,0,0,0,0,0
2019-02-28 14:14:10,TPFR8602,8602,100,0,0,0,0,0,0
2019-02-28 14:14:10,TRIPSRUS,10000,100,0,4422,0,66330,0,4422
2019-02-28 14:14:20,TPFN8601,8601,100,0,0,0,0,0,0
2019-02-28 14:14:20,TPFN8603,8603,100,0,0,0,0,0,0
2019-02-28 14:14:20,TPFR8600,8600,100,0,0,0,0,0,0
2019-02-28 14:14:20,TPFR8602,8602,100,0,0,0,0,0,0
2019-02-28 14:14:20,TRIPSRUS,10000,100,0,5040,0,75600,0,5040
2019-02-28 14:14:30,TPFN8601,8601,100,0,0,0,0,0,0
2019-02-28 14:14:30,TPFN8603,8603,100,0,0,0,0,0,0
2019-02-28 14:14:30,TPFR8600,8600,100,0,0,0,0,0,0
2019-02-28 14:14:30,TPFR8602,8602,100,0,0,0,0,0,0
2019-02-28 14:14:30,TRIPSRUS,10000,100,0,5694,0,85410,0,5694
2019-02-28 14:14:40,TPFN8601,8601,100,0,0,0,0,0,0
2019-02-28 14:14:40,TPFN8603,8603,100,0,0,0,0,0,0
2019-02-28 14:14:40,TPFR8600,8600,100,0,0,0,0,0,0
2019-02-28 14:14:40,TPFR8602,8602,100,0,0,0,0,0,0
2019-02-28 14:14:40,TRIPSRUS,10000,100,0,5788,0,86820,0,5788
2019-02-28 14:14:50,TPFN8601,8601,100,0,0,0,0,0,0
2019-02-28 14:14:50,TPFN8603,8603,100,0,0,0,0,0,0
2019-02-28 14:14:50,TPFR8600,8600,100,0,0,0,0,0,0
2019-02-28 14:14:50,TPFR8602,8602,100,0,0,0,0,0,0
2019-02-28 14:14:50,TRIPSRUS,10000,100,0,5073,0,76095,0,5073
2019-02-28 14:15:00,TPFN8601,8601,100,0,0,0,0,0,0
2019-02-28 14:15:00,TPFN8603,8603,100,0,0,0,0,0,0
2019-02-28 14:15:00,TPFR8600,8600,100,0,0,0,0,0,0
2019-02-28 14:15:00,TPFR8602,8602,100,0,0,0,0,0,0
2019-02-28 14:15:00,TRIPSRUS,10000,100,0,4382,0,65730,0,4382
2019-02-28 14:15:10,TPFN8601,8601,100,0,0,0,0,0,0
2019-02-28 14:15:10,TPFN8603,8603,100,0,0,0,0,0,0
2019-02-28 14:15:10,TPFR8600,8600,100,0,0,0,0,0,0
2019-02-28 14:15:10,TPFR8602,8602,100,0,0,0,0,0,0
2019-02-28 14:15:10,TRIPSRUS,10000,100,0,4408,0,66120,0,4408
2019-02-28 14:15:20,TPFN8601,8601,100,0,0,0,0,0,0
2019-02-28 14:15:20,TPFN8603,8603,100,0,0,0,0,0,0
2019-02-28 14:15:20,TPFR8600,8600,100,0,0,0,0,0,0
2019-02-28 14:15:20,TPFR8602,8602,100,0,0,0,0,0,0
2019-02-28 14:15:20,TRIPSRUS,10000,100,0,5132,0,76980,0,5132
2019-02-28 14:15:30,TPFN8601,8601,100,0,0,0,0,0,0
2019-02-28 14:15:30,TPFN8603,8603,100,0,0,0,0,0,0
2019-02-28 14:15:30,TPFR8600,8600,100,0,0,0,0,0,0
2019-02-28 14:15:30,TPFR8602,8602,100,0,0,0,0,0,0
2019-02-28 14:15:30,TRIPSRUS,10000,100,0,5725,0,85875,0,5725
2019-02-28 14:15:40,TPFN8601,8601,100,0,0,0,0,0,0
2019-02-28 14:15:40,TPFN8603,8603,100,0,0,0,0,0,0
2019-02-28 14:15:40,TPFR8600,8600,100,0,0,0,0,0,0
2019-02-28 14:15:40,TPFR8602,8602,100,0,0,0,0,0,0
2019-02-28 14:15:40,TRIPSRUS,10000,100,0,5716,0,85740,0,5716
2019-02-28 14:15:50,TPFN8601,8601,100,0,0,0,0,0,0
2019-02-28 14:15:50,TPFN8603,8603,100,0,0,0,0,0,0
2019-02-28 14:15:50,TPFR8600,8600,100,0,0,0,0,0,0
2019-02-28 14:15:50,TPFR8602,8602,100,0,0,0,0,0,0
2019-02-28 14:15:50,TRIPSRUS,10000,100,0,5064,0,75960,0,5064
2019-02-28 14:16:00,TPFN8601,8601,100,0,0,0,0,0,0
2019-02-28 14:16:00,TPFN8603,8603,100,0,0,0,0,0,0
2019-02-28 14:16:00,TPFR8600,8600,100,0,0,0,0,0,0
2019-02-28 14:16:00,TPFR8602,8602,100,0,0,0,0,0,0
2019-02-28 14:16:00,TRIPSRUS,10000,100,0,4377,0,65655,0,4377
2019-02-28 14:16:10,TPFN8601,8601,100,0,0,0,0,0,0
2019-02-28 14:16:10,TPFN8603,8603,100,0,0,0,0,0,0
2019-02-28 14:16:10,TPFR8600,8600,100,0,0,0,0,0,0
2019-02-28 14:16:10,TPFR8602,8602,100,0,0,0,0,0,0
2019-02-28 14:16:10,TRIPSRUS,10000,100,0,4400,0,66000,0,4400
2019-02-28 14:16:20,TPFN8601,8601,100,0,0,0,0,0,0
2019-02-28 14:16:20,TPFN8603,8603,100,0,0,0,0,0,0
2019-02-28 14:16:20,TPFR8600,8600,100,0,0,0,0,0,0
2019-02-28 14:16:20,TPFR8602,8602,100,0,0,0,0,0,0
2019-02-28 14:16:20,TRIPSRUS,10000,100,0,5080,0,76200,0,5080
2019-02-28 14:16:30,TPFN8601,8601,100,0,0,0,0,0,0
2019-02-28 14:16:30,TPFN8603,8603,100,0,0,0,0,0,0
2019-02-28 14:16:30,TPFR8600,8600,100,0,0,0,0,0,0
2019-02-28 14:16:30,TPFR8602,8602,100,0,0,0,0,0,0
2019-02-28 14:16:30,TRIPSRUS,10000,100,0,5747,0,86205,0,5747
2019-02-28 14:16:40,TPFN8601,8601,100,0,0,0,0,0,0
2019-02-28 14:16:40,TPFN8603,8603,100,0,0,0,0,0,0
2019-02-28 14:16:40,TPFR8600,8600,100,0,0,0,0,0,0
2019-02-28 14:16:40,TPFR8602,8602,100,0,0,0,0,0,0
2019-02-28 14:16:40,TRIPSRUS,10000,100,0,5794,0,86910,0,5794
2019-02-28 14:16:50,TPFN8601,8601,100,0,0,0,0,0,0
2019-02-28 14:16:50,TPFN8603,8603,100,0,0,0,0,0,0
2019-02-28 14:16:50,TPFR8600,8600,100,0,0,0,0,0,0
2019-02-28 14:16:50,TPFR8602,8602,100,0,0,0,0,0,0
2019-02-28 14:16:50,TRIPSRUS,10000,100,0,5042,0,75630,0,5042
2019-02-28 14:17:00,TPFN8601,8601,100,0,0,0,0,0,0
2019-02-28 14:17:00,TPFN8603,8603,100,0,0,0,0,0,0
2019-02-28 14:17:00,TPFR8600,8600,100,0,0,0,0,0,0
2019-02-28 14:17:00,TPFR8602,8602,100,0,0,0,0,0,0
2019-02-28 14:17:00,TRIPSRUS,10000,100,0,4407,0,66105,0,4407
2019-02-28 14:17:10,TPFN8601,8601,100,0,0,0,0,0,0
2019-02-28 14:17:10,TPFN8603,8603,100,0,0,0,0,0,0
2019-02-28 14:17:10,TPFR8600,8600,100,0,0,0,0,0,0
2019-02-28 14:17:10,TPFR8602,8602,100,0,0,0,0,0,0
2019-02-28 14:17:10,TRIPSRUS,10000,100,0,4340,0,65100,0,4340
2019-02-28 14:17:20,TPFN8601,8601,100,0,0,0,0,0,0
2019-02-28 14:17:20,TPFN8603,8603,100,0,0,0,0,0,0
2019-02-28 14:17:20,TPFR8600,8600,100,0,0,0,0,0,0
2019-02-28 14:17:20,TPFR8602,8602,100,0,0,0,0,0,0
2019-02-28 14:17:20,TRIPSRUS,10000,100,0,5047,0,75705,0,5047
2019-02-28 14:17:30,TPFN8601,8601,100,0,0,0,0,0,0
2019-02-28 14:17:30,TPFN8603,8603,100,0,0,0,0,0,0
2019-02-28 14:17:30,TPFR8600,8600,100,0,0,0,0,0,0
2019-02-28 14:17:30,TPFR8602,8602,100,0,0,0,0,0,0
2019-02-28 14:17:30,TRIPSRUS,10000,100,0,5742,0,86130,0,5742
2019-02-28 14:17:40,TPFN8601,8601,100,0,0,0,0,0,0
2019-02-28 14:17:40,TPFN8603,8603,100,0,0,0,0,0,0
2019-02-28 14:17:40,TPFR8600,8600,100,0,0,0,0,0,0
2019-02-28 14:17:40,TPFR8602,8602,100,0,0,0,0,0,0
2019-02-28 14:17:40,TRIPSRUS,10000,100,0,5780,0,86700,0,5780
2019-02-28 14:17:50,TPFN8601,8601,100,0,0,0,0,0,0
2019-02-28 14:17:50,TPFN8603,8603,100,0,0,0,0,0,0
2019-02-28 14:17:50,TPFR8600,8600,100,0,0,0,0,0,0
2019-02-28 14:17:50,TPFR8602,8602,100,0,0,0,0,0,0
2019-02-28 14:17:50,TRIPSRUS,10000,100,0,5044,0,75660,0,5044
2019-02-28 14:18:00,TPFN8601,8601,100,0,0,0,0,0,0
2019-02-28 14:18:00,TPFN8603,8603,100,0,0,0,0,0,0
2019-02-28 14:18:00,TPFR8600,8600,100,0,0,0,0,0,0
2019-02-28 14:18:00,TPFR8602,8602,100,0,0,0,0,0,0
2019-02-28 14:18:00,TRIPSRUS,10000,100,0,4380,0,65700,0,4380
2019-02-28 14:18:10,TPFN8601,8601,100,0,0,0,0,0,0
2019-02-28 14:18:10,TPFN8603,8603,100,0,0,0,0,0,0
2019-02-28 14:18:10,TPFR8600,8600,100,0,0,0,0,0,0
2019-02-28 14:18:10,TPFR8602,8602,100,0,0,0,0,0,0
2019-02-28 14:18:10,TRIPSRUS,10000,100,0,4442,0,66630,0,4442
2019-02-28 14:18:20,TPFN8601,8601,100,0,0,0,0,0,0
2019-02-28 14:18:20,TPFN8603,8603,100,0,0,0,0,0,0
2019-02-28 14:18:20,TPFR8600,8600,100,0,0,0,0,0,0
2019-02-28 14:18:20,TPFR8602,8602,100,0,0,0,0,0,0
2019-02-28 14:18:20,TRIPSRUS,10000,100,0,5079,0,76185,0,5079
2019-02-28 14:18:30,TPFN8601,8601,100,0,0,0,0,0,0
2019-02-28 14:18:30,TPFN8603,8603,100,0,0,0,0,0,0
2019-02-28 14:18:30,TPFR8600,8600,100,0,0,0,0,0,0
2019-02-28 14:18:30,TPFR8602,8602,100,0,0,0,0,0,0
2019-02-28 14:18:30,TRIPSRUS,10000,100,0,5737,0,86055,0,5737
2019-02-28 14:18:40,TPFN8601,8601,100,0,0,0,0,0,0
2019-02-28 14:18:40,TPFN8603,8603,100,0,0,0,0,0,0
2019-02-28 14:18:40,TPFR8600,8600,100,0,0,0,0,0,0
2019-02-28 14:18:40,TPFR8602,8602,100,0,0,0,0,0,0
2019-02-28 14:18:40,TRIPSRUS,10000,100,0,5767,0,86505,0,5767
2019-02-28 14:18:50,TPFN8601,8601,100,0,0,0,0,0,0
2019-02-28 14:18:50,TPFN8603,8603,100,0,0,0,0,0,0
2019-02-28 14:18:50,TPFR8600,8600,100,0,0,0,0,0,0
2019-02-28 14:18:50,TPFR8602,8602,100,0,0,0,0,0,0
2019-02-28 14:18:50,TRIPSRUS,10000,100,0,5069,0,76035,0,5069
2019-02-28 14:19:00,TPFN8601,8601,100,0,0,0,0,0,0
2019-02-28 14:19:00,TPFN8603,8603,100,0,0,0,0,0,0
2019-02-28 14:19:00,TPFR8600,8600,100,0,0,0,0,0,0
2019-02-28 14:19:00,TPFR8602,8602,100,0,0,0,0,0,0
2019-02-28 14:19:00,TRIPSRUS,10000,100,0,4424,0,66360,0,4424
2019-02-28 14:19:10,TPFN8601,8601,100,0,0,0,0,0,0
2019-02-28 14:19:10,TPFN8603,8603,100,0,0,0,0,0,0
2019-02-28 14:19:10,TPFR8600,8600,100,0,0,0,0,0,0
2019-02-28 14:19:10,TPFR8602,8602,100,0,0,0,0,0,0
2019-02-28 14:19:10,TRIPSRUS,10000,100,0,4453,0,66795,0,4453
2019-02-28 14:19:20,TPFN8601,8601,100,0,0,0,0,0,0
2019-02-28 14:19:20,TPFN8603,8603,100,0,0,0,0,0,0
2019-02-28 14:19:20,TPFR8600,8600,100,0,0,0,0,0,0
2019-02-28 14:19:20,TPFR8602,8602,100,0,0,0,0,0,0
2019-02-28 14:19:20,TRIPSRUS,10000,100,0,5053,0,75795,0,5053
2019-02-28 14:19:30,TPFN8601,8601,100,0,0,0,0,0,0
2019-02-28 14:19:30,TPFN8603,8603,100,0,0,0,0,0,0
2019-02-28 14:19:30,TPFR8600,8600,100,0,0,0,0,0,0
2019-02-28 14:19:30,TPFR8602,8602,100,0,0,0,0,0,0
2019-02-28 14:19:30,TRIPSRUS,10000,100,0,5767,0,86505,0,5767
2019-02-28 14:19:40,TPFN8601,8601,100,0,0,0,0,0,0
2019-02-28 14:19:40,TPFN8603,8603,100,0,0,0,0,0,0
2019-02-28 14:19:40,TPFR8600,8600,100,0,0,0,0,0,0
2019-02-28 14:19:40,TPFR8602,8602,100,0,0,0,0,0,0
2019-02-28 14:19:40,TRIPSRUS,10000,100,0,5688,0,85320,0,5688
2019-02-28 14:19:50,TPFN8601,8601,100,0,0,0,0,0,0
2019-02-28 14:19:50,TPFN8603,8603,100,0,0,0,0,0,0
2019-02-28 14:19:50,TPFR8600,8600,100,0,0,0,0,0,0
2019-02-28 14:19:50,TPFR8602,8602,100,0,0,0,0,0,0
2019-02-28 14:19:50,TRIPSRUS,10000,100,0,5079,0,76185,0,5079
2019-02-28 14:20:00,TPFN8601,8601,100,0,0,0,0,0,0
2019-02-28 14:20:00,TPFN8603,8603,100,0,0,0,0,0,0
2019-02-28 14:20:00,TPFR8600,8600,100,0,0,0,0,0,0
2019-02-28 14:20:00,TPFR8602,8602,100,0,0,0,0,0,0
2019-02-28 14:20:00,TRIPSRUS,10000,100,0,4408,0,66120,0,4408
2019-02-28 14:20:10,TPFN8601,8601,100,0,0,0,0,0,0
2019-02-28 14:20:10,TPFN8603,8603,100,0,0,0,0,0,0
2019-02-28 14:20:10,TPFR8600,8600,100,0,0,0,0,0,0
2019-02-28 14:20:10,TPFR8602,8602,100,0,0,0,0,0,0
2019-02-28 14:20:10,TRIPSRUS,10000,100,0,4476,0,67140,0,4476
2019-02-28 14:20:20,TPFN8601,8601,100,0,0,0,0,0,0
2019-02-28 14:20:20,TPFN8603,8603,100,0,0,0,0,0,0
2019-02-28 14:20:20,TPFR8600,8600,100,0,0,0,0,0,0
2019-02-28 14:20:20,TPFR8602,8602,100,0,0,0,0,0,0
2019-02-28 14:20:20,TRIPSRUS,10000,100,0,5070,0,76050,0,5070
2019-02-28 14:20:30,TPFN8601,8601,100,0,0,0,0,0,0
2019-02-28 14:20:30,TPFN8603,8603,100,0,0,0,0,0,0
2019-02-28 14:20:30,TPFR8600,8600,100,0,0,0,0,0,0
2019-02-28 14:20:30,TPFR8602,8602,100,0,0,0,0,0,0
2019-02-28 14:20:30,TRIPSRUS,10000,100,0,5725,0,85875,0,5725
2019-02-28 14:20:40,TPFN8601,8601,100,0,0,0,0,0,0
2019-02-28 14:20:40,TPFN8603,8603,100,0,0,0,0,0,0
2019-02-28 14:20:40,TPFR8600,8600,100,0,0,0,0,0,0
2019-02-28 14:20:40,TPFR8602,8602,100,0,0,0,0,0,0
2019-02-28 14:20:40,TRIPSRUS,10000,100,0,5775,0,86625,0,5775
2019-02-28 14:20:50,TPFN8601,8601,100,0,0,0,0,0,0
2019-02-28 14:20:50,TPFN8603,8603,100,0,0,0,0,0,0
2019-02-28 14:20:50,TPFR8600,8600,100,0,0,0,0,0,0
2019-02-28 14:20:50,TPFR8602,8602,100,0,0,0,0,0,0
2019-02-28 14:20:50,TRIPSRUS,10000,100,0,5025,0,75375,0,5025
2019-02-28 14:21:00,TPFN8601,8601,100,0,0,0,0,0,0
2019-02-28 14:21:00,TPFN8603,8603,100,0,0,0,0,0,0
2019-02-28 14:21:00,TPFR8600,8600,100,0,0,0,0,0,0
2019-02-28 14:21:00,TPFR8602,8602,100,0,0,0,0,0,0
2019-02-28 14:21:00,TRIPSRUS,10000,100,0,4380,0,65700,0,4380
2019-02-28 14:21:10,TPFN8601,8601,100,0,0,0,0,0,0
2019-02-28 14:21:10,TPFN8603,8603,100,0,0,0,0,0,0
2019-02-28 14:21:10,TPFR8600,8600,100,0,0,0,0,0,0
2019-02-28 14:21:10,TPFR8602,8602,100,0,0,0,0,0,0
2019-02-28 14:21:10,TRIPSRUS,10000,100,0,4380,0,65700,0,4380
2019-02-28 14:21:20,TPFN8601,8601,100,0,0,0,0,0,0
2019-02-28 14:21:20,TPFN8603,8603,100,0,0,0,0,0,0
2019-02-28 14:21:20,TPFR8600,8600,100,0,0,0,0,0,0
2019-02-28 14:21:20,TPFR8602,8602,100,0,0,0,0,0,0
2019-02-28 14:21:20,TRIPSRUS,10000,100,0,5115,0,76725,0,5115
2019-02-28 14:21:30,TPFN8601,8601,100,0,0,0,0,0,0
2019-02-28 14:21:30,TPFN8603,8603,100,0,0,0,0,0,0
2019-02-28 14:21:30,TPFR8600,8600,100,0,0,0,0,0,0
2019-02-28 14:21:30,TPFR8602,8602,100,0,0,0,0,0,0
2019-02-28 14:21:30,TRIPSRUS,10000,100,0,5739,0,86085,0,5739
2019-02-28 14:21:40,TPFN8601,8601,100,0,0,0,0,0,0
2019-02-28 14:21:40,TPFN8603,8603,100,0,0,0,0,0,0
2019-02-28 14:21:40,TPFR8600,8600,100,0,0,0,0,0,0
2019-02-28 14:21:40,TPFR8602,8602,100,0,0,0,0,0,0
2019-02-28 14:21:40,TRIPSRUS,10000,100,0,5754,0,86310,0,5754
2019-02-28 14:21:50,TPFN8601,8601,100,0,0,0,0,0,0
2019-02-28 14:21:50,TPFN8603,8603,100,0,0,0,0,0,0
2019-02-28 14:21:50,TPFR8600,8600,100,0,0,0,0,0,0
2019-02-28 14:21:50,TPFR8602,8602,100,0,0,0,0,0,0
2019-02-28 14:21:50,TRIPSRUS,10000,100,0,5048,0,75720,0,5048
2019-02-28 14:22:00,TPFN8601,8601,100,0,0,0,0,0,0
2019-02-28 14:22:00,TPFN8603,8603,100,0,0,0,0,0,0
2019-02-28 14:22:00,TPFR8600,8600,100,0,0,0,0,0,0
2019-02-28 14:22:00,TPFR8602,8602,100,0,0,0,0,0,0
2019-02-28 14:22:00,TRIPSRUS,10000,100,0,4406,0,66090,0,4406
2019-02-28 14:22:10,TPFN8601,8601,100,0,0,0,0,0,0
2019-02-28 14:22:10,TPFN8603,8603,100,0,0,0,0,0,0
2019-02-28 14:22:10,TPFR8600,8600,100,0,0,0,0,0,0
2019-02-28 14:22:10,TPFR8602,8602,100,0,0,0,0,0,0
2019-02-28 14:22:10,TRIPSRUS,10000,100,0,4471,0,67065,0,4471
2019-02-28 14:22:20,TPFN8601,8601,100,0,0,0,0,0,0
2019-02-28 14:22:20,TPFN8603,8603,100,0,0,0,0,0,0
2019-02-28 14:22:20,TPFR8600,8600,100,0,0,0,0,0,0
2019-02-28 14:22:20,TPFR8602,8602,100,0,0,0,0,0,0
2019-02-28 14:22:20,TRIPSRUS,10000,100,0,5117,0,76755,0,5117
2019-02-28 14:22:30,TPFN8601,8601,100,0,0,0,0,0,0
2019-02-28 14:22:30,TPFN8603,8603,100,0,0,0,0,0,0
2019-02-28 14:22:30,TPFR8600,8600,100,0,0,0,0,0,0
2019-02-28 14:22:30,TPFR8602,8602,100,0,0,0,0,0,0
2019-02-28 14:22:30,TRIPSRUS,10000,100,0,5762,0,86430,0,5762
2019-02-28 14:22:40,TPFN8601,8601,100,0,0,0,0,0,0
2019-02-28 14:22:40,TPFN8603,8603,100,0,0,0,0,0,0
2019-02-28 14:22:40,TPFR8600,8600,100,0,0,0,0,0,0
2019-02-28 14:22:40,TPFR8602,8602,100,0,0,0,0,0,0
2019-02-28 14:22:40,TRIPSRUS,10000,100,0,5688,0,85320,0,5688
2019-02-28 14:22:50,TPFN8601,8601,100,0,0,0,0,0,0
2019-02-28 14:22:50,TPFN8603,8603,100,0,0,0,0,0,0
2019-02-28 14:22:50,TPFR8600,8600,100,0,0,0,0,0,0
2019-02-28 14:22:50,TPFR8602,8602,100,0,0,0,0,0,0
2019-02-28 14:22:50,TRIPSRUS,10000,100,0,5119,0,76785,0,5119
2019-02-28 14:23:00,TPFN8601,8601,100,0,0,0,0,0,0
2019-02-28 14:23:00,TPFN8603,8603,100,0,0,0,0,0,0
2019-02-28 14:23:00,TPFR8600,8600,100,0,0,0,0,0,0
2019-02-28 14:23:00,TPFR8602,8602,100,0,0,0,0,0,0
2019-02-28 14:23:00,TRIPSRUS,10000,100,0,4369,0,65535,0,4369
2019-02-28 14:23:10,TPFN8601,8601,100,0,0,0,0,0,0
2019-02-28 14:23:10,TPFN8603,8603,100,0,0,0,0,0,0
2019-02-28 14:23:10,TPFR8600,8600,100,0,0,0,0,0,0
2019-02-28 14:23:10,TPFR8602,8602,100,0,0,0,0,0,0
2019-02-28 14:23:10,TRIPSRUS,10000,100,0,4454,0,66810,0,4454
2019-02-28 14:23:20,TPFN8601,8601,100,0,0,0,0,0,0
2019-02-28 14:23:20,TPFN8603,8603,100,0,0,0,0,0,0
2019-02-28 14:23:20,TPFR8600,8600,100,0,0,0,0,0,0
2019-02-28 14:23:20,TPFR8602,8602,100,0,0,0,0,0,0
2019-02-28 14:23:20,TRIPSRUS,10000,100,0,5055,0,75825,0,5055
2019-02-28 14:23:30,TPFN8601,8601,100,0,0,0,0,0,0
2019-02-28 14:23:30,TPFN8603,8603,100,0,0,0,0,0,0
2019-02-28 14:23:30,TPFR8600,8600,100,0,0,0,0,0,0
2019-02-28 14:23:30,TPFR8602,8602,100,0,0,0,0,0,0
2019-02-28 14:23:30,TRIPSRUS,10000,100,0,5702,0,85530,0,5702
2019-02-28 14:23:40,TPFN8601,8601,100,0,0,0,0,0,0
2019-02-28 14:23:40,TPFN8603,8603,100,0,0,0,0,0,0
2019-02-28 14:23:40,TPFR8600,8600,100,0,0,0,0,0,0
2019-02-28 14:23:40,TPFR8602,8602,100,0,0,0,0,0,0
2019-02-28 14:23:40,TRIPSRUS,10000,100,0,5728,0,85920,0,5728
2019-02-28 14:23:50,TPFN8601,8601,100,0,0,0,0,0,0
2019-02-28 14:23:50,TPFN8603,8603,100,0,0,0,0,0,0
2019-02-28 14:23:50,TPFR8600,8600,100,0,0,0,0,0,0
2019-02-28 14:23:50,TPFR8602,8602,100,0,0,0,0,0,0
2019-02-28 14:23:50,TRIPSRUS,10000,100,0,5058,0,75870,0,5058
2019-02-28 14:24:00,TPFN8601,8601,100,0,0,0,0,0,0
2019-02-28 14:24:00,TPFN8603,8603,100,0,0,0,0,0,0
2019-02-28 14:24:00,TPFR8600,8600,100,0,0,0,0,0,0
2019-02-28 14:24:00,TPFR8602,8602,100,0,0,0,0,0,0
2019-02-28 14:24:00,TRIPSRUS,10000,100,0,4355,0,65325,0,4355
2019-02-28 14:24:10,TPFN8601,8601,100,0,0,0,0,0,0
2019-02-28 14:24:10,TPFN8603,8603,100,0,0,0,0,0,0
2019-02-28 14:24:10,TPFR8600,8600,100,0,0,0,0,0,0
2019-02-28 14:24:10,TPFR8602,8602,100,0,0,0,0,0,0
2019-02-28 14:24:10,TRIPSRUS,10000,100,0,4438,0,66570,0,4438
2019-02-28 14:24:20,TPFN8601,8601,100,0,0,0,0,0,0
2019-02-28 14:24:20,TPFN8603,8603,100,0,0,0,0,0,0
2019-02-28 14:24:20,TPFR8600,8600,100,0,0,0,0,0,0
2019-02-28 14:24:20,TPFR8602,8602,100,0,0,0,0,0,0
2019-02-28 14:24:20,TRIPSRUS,10000,100,0,5028,0,75420,0,5028
2019-02-28 14:24:30,TPFN8601,8601,100,0,0,0,0,0,0
2019-02-28 14:24:30,TPFN8603,8603,100,0,0,0,0,0,0
2019-02-28 14:24:30,TPFR8600,8600,100,0,0,0,0,0,0
2019-02-28 14:24:30,TPFR8602,8602,100,0,0,0,0,0,0
2019-02-28 14:24:30,TRIPSRUS,10000,100,0,5703,0,85545,0,5703
2019-02-28 14:24:40,TPFN8601,8601,100,0,0,0,0,0,0
2019-02-28 14:24:40,TPFN8603,8603,100,0,0,0,0,0,0
2019-02-28 14:24:40,TPFR8600,8600,100,0,0,0,0,0,0
2019-02-28 14:24:40,TPFR8602,8602,100,0,0,0,0,0,0
2019-02-28 14:24:40,TRIPSRUS,10000,100,0,5779,0,86685,0,5779
2019-02-28 14:24:50,TPFN8601,8601,100,0,0,0,0,0,0
2019-02-28 14:24:50,TPFN8603,8603,100,0,0,0,0,0,0
2019-02-28 14:24:50,TPFR8600,8600,100,0,0,0,0,0,0
2019-02-28 14:24:50,TPFR8602,8602,100,0,0,0,0,0,0
2019-02-28 14:24:50,TRIPSRUS,10000,100,0,5012,0,75180,0,5012
2019-02-28 14:25:00,TPFN8601,8601,100,0,0,0,0,0,0
2019-02-28 14:25:00,TPFN8603,8603,100,0,0,0,0,0,0
2019-02-28 14:25:00,TPFR8600,8600,100,0,0,0,0,0,0
2019-02-28 14:25:00,TPFR8602,8602,100,0,0,0,0,0,0
2019-02-28 14:25:00,TRIPSRUS,10000,100,0,4409,0,66135,0,4409
2019-02-28 14:25:10,TPFN8601,8601,100,0,0,0,0,0,0
2019-02-28 14:25:10,TPFN8603,8603,100,0,0,0,0,0,0
2019-02-28 14:25:10,TPFR8600,8600,100,0,0,0,0,0,0
2019-02-28 14:25:10,TPFR8602,8602,100,0,0,0,0,0,0
2019-02-28 14:25:10,TRIPSRUS,10000,100,0,4387,0,65805,0,4387
2019-02-28 14:25:20,TPFN8601,8601,100,0,0,0,0,0,0
2019-02-28 14:25:20,TPFN8603,8603,100,0,0,0,0,0,0
2019-02-28 14:25:20,TPFR8600,8600,100,0,0,0,0,0,0
2019-02-28 14:25:20,TPFR8602,8602,100,0,0,0,0,0,0
2019-02-28 14:25:20,TRIPSRUS,10000,100,0,5009,0,75135,0,5009
2019-02-28 14:25:30,TPFN8601,8601,100,0,0,0,0,0,0
2019-02-28 14:25:30,TPFN8603,8603,100,0,0,0,0,0,0
2019-02-28 14:25:30,TPFR8600,8600,100,0,0,0,0,0,0
2019-02-28 14:25:30,TPFR8602,8602,100,0,0,0,0,0,0
2019-02-28 14:25:30,TRIPSRUS,10000,100,0,5783,0,86745,0,5783
2019-02-28 14:25:40,TPFN8601,8601,100,0,0,0,0,0,0
2019-02-28 14:25:40,TPFN8603,8603,100,0,0,0,0,0,0
2019-02-28 14:25:40,TPFR8600,8600,100,0,0,0,0,0,0
2019-02-28 14:25:40,TPFR8602,8602,100,0,0,0,0,0,0
2019-02-28 14:25:40,TRIPSRUS,10000,100,0,5734,0,86010,0,5734
2019-02-28 14:25:50,TPFN8601,8601,100,0,0,0,0,0,0
2019-02-28 14:25:50,TPFN8603,8603,100,0,0,0,0,0,0
2019-02-28 14:25:50,TPFR8600,8600,100,0,0,0,0,0,0
2019-02-28 14:25:50,TPFR8602,8602,100,0,0,0,0,0,0
2019-02-28 14:25:50,TRIPSRUS,10000,100,0,5079,0,76185,0,5079
2019-02-28 14:26:00,TPFN8601,8601,100,0,0,0,0,0,0
2019-02-28 14:26:00,TPFN8603,8603,100,0,0,0,0,0,0
2019-02-28 14:26:00,TPFR8600,8600,100,0,0,0,0,0,0
2019-02-28 14:26:00,TPFR8602,8602,100,0,0,0,0,0,0
2019-02-28 14:26:00,TRIPSRUS,10000,100,0,4438,0,66570,0,4438
